,NO2(t-10),NO2(t-9),NO2(t-8),NO2(t-7),NO2(t-6),NO2(t-5),NO2(t-4),NO2(t-3),NO2(t-2),NO2(t-1),NO2(t)
10,7.802693e-06,7.802693e-06,9.936384e-06,1.4753833e-05,1.0377482e-05,9.011269e-06,1.0208828e-05,1.14063905e-05,8.55527e-06,9.332085e-06,1.1074867e-05
11,7.802693e-06,9.936384e-06,1.4753833e-05,1.0377482e-05,9.011269e-06,1.0208828e-05,1.14063905e-05,8.55527e-06,9.332085e-06,1.1074867e-05,8.188627e-06
12,9.936384e-06,1.4753833e-05,1.0377482e-05,9.011269e-06,1.0208828e-05,1.14063905e-05,8.55527e-06,9.332085e-06,1.1074867e-05,8.188627e-06,7.883346e-06
13,1.4753833e-05,1.0377482e-05,9.011269e-06,1.0208828e-05,1.14063905e-05,8.55527e-06,9.332085e-06,1.1074867e-05,8.188627e-06,7.883346e-06,8.573538e-06
14,1.0377482e-05,9.011269e-06,1.0208828e-05,1.14063905e-05,8.55527e-06,9.332085e-06,1.1074867e-05,8.188627e-06,7.883346e-06,8.573538e-06,9.263732e-06
15,9.011269e-06,1.0208828e-05,1.14063905e-05,8.55527e-06,9.332085e-06,1.1074867e-05,8.188627e-06,7.883346e-06,8.573538e-06,9.263732e-06,1.12718135e-05
16,1.0208828e-05,1.14063905e-05,8.55527e-06,9.332085e-06,1.1074867e-05,8.188627e-06,7.883346e-06,8.573538e-06,9.263732e-06,1.12718135e-05,1.3112114e-05
17,1.14063905e-05,8.55527e-06,9.332085e-06,1.1074867e-05,8.188627e-06,7.883346e-06,8.573538e-06,9.263732e-06,1.12718135e-05,1.3112114e-05,1.398102e-05
18,8.55527e-06,9.332085e-06,1.1074867e-05,8.188627e-06,7.883346e-06,8.573538e-06,9.263732e-06,1.12718135e-05,1.3112114e-05,1.398102e-05,1.7057657e-05
19,9.332085e-06,1.1074867e-05,8.188627e-06,7.883346e-06,8.573538e-06,9.263732e-06,1.12718135e-05,1.3112114e-05,1.398102e-05,1.7057657e-05,1.3169993e-05
20,1.1074867e-05,8.188627e-06,7.883346e-06,8.573538e-06,9.263732e-06,1.12718135e-05,1.3112114e-05,1.398102e-05,1.7057657e-05,1.3169993e-05,9.282328e-06
21,8.188627e-06,7.883346e-06,8.573538e-06,9.263732e-06,1.12718135e-05,1.3112114e-05,1.398102e-05,1.7057657e-05,1.3169993e-05,9.282328e-06,7.718349e-06
22,7.883346e-06,8.573538e-06,9.263732e-06,1.12718135e-05,1.3112114e-05,1.398102e-05,1.7057657e-05,1.3169993e-05,9.282328e-06,7.718349e-06,6.154369e-06
23,8.573538e-06,9.263732e-06,1.12718135e-05,1.3112114e-05,1.398102e-05,1.7057657e-05,1.3169993e-05,9.282328e-06,7.718349e-06,6.154369e-06,7.328481e-06
24,9.263732e-06,1.12718135e-05,1.3112114e-05,1.398102e-05,1.7057657e-05,1.3169993e-05,9.282328e-06,7.718349e-06,6.154369e-06,7.328481e-06,8.263078e-06
25,1.12718135e-05,1.3112114e-05,1.398102e-05,1.7057657e-05,1.3169993e-05,9.282328e-06,7.718349e-06,6.154369e-06,7.328481e-06,8.263078e-06,8.543464e-06
26,1.3112114e-05,1.398102e-05,1.7057657e-05,1.3169993e-05,9.282328e-06,7.718349e-06,6.154369e-06,7.328481e-06,8.263078e-06,8.543464e-06,8.867856e-06
27,1.398102e-05,1.7057657e-05,1.3169993e-05,9.282328e-06,7.718349e-06,6.154369e-06,7.328481e-06,8.263078e-06,8.543464e-06,8.867856e-06,8.483991e-06
28,1.7057657e-05,1.3169993e-05,9.282328e-06,7.718349e-06,6.154369e-06,7.328481e-06,8.263078e-06,8.543464e-06,8.867856e-06,8.483991e-06,8.308706e-06
29,1.3169993e-05,9.282328e-06,7.718349e-06,6.154369e-06,7.328481e-06,8.263078e-06,8.543464e-06,8.867856e-06,8.483991e-06,8.308706e-06,8.133421e-06
30,9.282328e-06,7.718349e-06,6.154369e-06,7.328481e-06,8.263078e-06,8.543464e-06,8.867856e-06,8.483991e-06,8.308706e-06,8.133421e-06,9.4724555e-06
31,7.718349e-06,6.154369e-06,7.328481e-06,8.263078e-06,8.543464e-06,8.867856e-06,8.483991e-06,8.308706e-06,8.133421e-06,9.4724555e-06,1.245244e-05
32,6.154369e-06,7.328481e-06,8.263078e-06,8.543464e-06,8.867856e-06,8.483991e-06,8.308706e-06,8.133421e-06,9.4724555e-06,1.245244e-05,1.0664543e-05
33,7.328481e-06,8.263078e-06,8.543464e-06,8.867856e-06,8.483991e-06,8.308706e-06,8.133421e-06,9.4724555e-06,1.245244e-05,1.0664543e-05,8.876646e-06
34,8.263078e-06,8.543464e-06,8.867856e-06,8.483991e-06,8.308706e-06,8.133421e-06,9.4724555e-06,1.245244e-05,1.0664543e-05,8.876646e-06,9.13888e-06
35,8.543464e-06,8.867856e-06,8.483991e-06,8.308706e-06,8.133421e-06,9.4724555e-06,1.245244e-05,1.0664543e-05,8.876646e-06,9.13888e-06,9.980297e-06
36,8.867856e-06,8.483991e-06,8.308706e-06,8.133421e-06,9.4724555e-06,1.245244e-05,1.0664543e-05,8.876646e-06,9.13888e-06,9.980297e-06,1.08217155e-05
37,8.483991e-06,8.308706e-06,8.133421e-06,9.4724555e-06,1.245244e-05,1.0664543e-05,8.876646e-06,9.13888e-06,9.980297e-06,1.08217155e-05,1.2802396e-05
38,8.308706e-06,8.133421e-06,9.4724555e-06,1.245244e-05,1.0664543e-05,8.876646e-06,9.13888e-06,9.980297e-06,1.08217155e-05,1.2802396e-05,9.981425e-06
39,8.133421e-06,9.4724555e-06,1.245244e-05,1.0664543e-05,8.876646e-06,9.13888e-06,9.980297e-06,1.08217155e-05,1.2802396e-05,9.981425e-06,1.0968932e-05
40,9.4724555e-06,1.245244e-05,1.0664543e-05,8.876646e-06,9.13888e-06,9.980297e-06,1.08217155e-05,1.2802396e-05,9.981425e-06,1.0968932e-05,8.305223e-06
41,1.245244e-05,1.0664543e-05,8.876646e-06,9.13888e-06,9.980297e-06,1.08217155e-05,1.2802396e-05,9.981425e-06,1.0968932e-05,8.305223e-06,7.64168e-06
42,1.0664543e-05,8.876646e-06,9.13888e-06,9.980297e-06,1.08217155e-05,1.2802396e-05,9.981425e-06,1.0968932e-05,8.305223e-06,7.64168e-06,7.1402246e-06
43,8.876646e-06,9.13888e-06,9.980297e-06,1.08217155e-05,1.2802396e-05,9.981425e-06,1.0968932e-05,8.305223e-06,7.64168e-06,7.1402246e-06,1.210231e-05
44,9.13888e-06,9.980297e-06,1.08217155e-05,1.2802396e-05,9.981425e-06,1.0968932e-05,8.305223e-06,7.64168e-06,7.1402246e-06,1.210231e-05,9.887208e-06
45,9.980297e-06,1.08217155e-05,1.2802396e-05,9.981425e-06,1.0968932e-05,8.305223e-06,7.64168e-06,7.1402246e-06,1.210231e-05,9.887208e-06,7.826652e-06
46,1.08217155e-05,1.2802396e-05,9.981425e-06,1.0968932e-05,8.305223e-06,7.64168e-06,7.1402246e-06,1.210231e-05,9.887208e-06,7.826652e-06,1.1111397e-05
47,1.2802396e-05,9.981425e-06,1.0968932e-05,8.305223e-06,7.64168e-06,7.1402246e-06,1.210231e-05,9.887208e-06,7.826652e-06,1.1111397e-05,1.12502585e-05
48,9.981425e-06,1.0968932e-05,8.305223e-06,7.64168e-06,7.1402246e-06,1.210231e-05,9.887208e-06,7.826652e-06,1.1111397e-05,1.12502585e-05,8.530127e-06
49,1.0968932e-05,8.305223e-06,7.64168e-06,7.1402246e-06,1.210231e-05,9.887208e-06,7.826652e-06,1.1111397e-05,1.12502585e-05,8.530127e-06,8.036444e-06
50,8.305223e-06,7.64168e-06,7.1402246e-06,1.210231e-05,9.887208e-06,7.826652e-06,1.1111397e-05,1.12502585e-05,8.530127e-06,8.036444e-06,7.0424007e-06
51,7.64168e-06,7.1402246e-06,1.210231e-05,9.887208e-06,7.826652e-06,1.1111397e-05,1.12502585e-05,8.530127e-06,8.036444e-06,7.0424007e-06,7.242099e-06
52,7.1402246e-06,1.210231e-05,9.887208e-06,7.826652e-06,1.1111397e-05,1.12502585e-05,8.530127e-06,8.036444e-06,7.0424007e-06,7.242099e-06,7.781941e-06
53,1.210231e-05,9.887208e-06,7.826652e-06,1.1111397e-05,1.12502585e-05,8.530127e-06,8.036444e-06,7.0424007e-06,7.242099e-06,7.781941e-06,8.717362e-06
54,9.887208e-06,7.826652e-06,1.1111397e-05,1.12502585e-05,8.530127e-06,8.036444e-06,7.0424007e-06,7.242099e-06,7.781941e-06,8.717362e-06,6.2577187e-06
55,7.826652e-06,1.1111397e-05,1.12502585e-05,8.530127e-06,8.036444e-06,7.0424007e-06,7.242099e-06,7.781941e-06,8.717362e-06,6.2577187e-06,8.362563e-06
56,1.1111397e-05,1.12502585e-05,8.530127e-06,8.036444e-06,7.0424007e-06,7.242099e-06,7.781941e-06,8.717362e-06,6.2577187e-06,8.362563e-06,7.1122054e-06
57,1.12502585e-05,8.530127e-06,8.036444e-06,7.0424007e-06,7.242099e-06,7.781941e-06,8.717362e-06,6.2577187e-06,8.362563e-06,7.1122054e-06,9.500578e-06
58,8.530127e-06,8.036444e-06,7.0424007e-06,7.242099e-06,7.781941e-06,8.717362e-06,6.2577187e-06,8.362563e-06,7.1122054e-06,9.500578e-06,9.138824e-06
59,8.036444e-06,7.0424007e-06,7.242099e-06,7.781941e-06,8.717362e-06,6.2577187e-06,8.362563e-06,7.1122054e-06,9.500578e-06,9.138824e-06,7.220159e-06
60,7.0424007e-06,7.242099e-06,7.781941e-06,8.717362e-06,6.2577187e-06,8.362563e-06,7.1122054e-06,9.500578e-06,9.138824e-06,7.220159e-06,8.820192e-06
61,7.242099e-06,7.781941e-06,8.717362e-06,6.2577187e-06,8.362563e-06,7.1122054e-06,9.500578e-06,9.138824e-06,7.220159e-06,8.820192e-06,4.934915e-06
62,7.781941e-06,8.717362e-06,6.2577187e-06,8.362563e-06,7.1122054e-06,9.500578e-06,9.138824e-06,7.220159e-06,8.820192e-06,4.934915e-06,6.757318e-06
63,8.717362e-06,6.2577187e-06,8.362563e-06,7.1122054e-06,9.500578e-06,9.138824e-06,7.220159e-06,8.820192e-06,4.934915e-06,6.757318e-06,7.306525e-06
64,6.2577187e-06,8.362563e-06,7.1122054e-06,9.500578e-06,9.138824e-06,7.220159e-06,8.820192e-06,4.934915e-06,6.757318e-06,7.306525e-06,1.4575002e-05
65,8.362563e-06,7.1122054e-06,9.500578e-06,9.138824e-06,7.220159e-06,8.820192e-06,4.934915e-06,6.757318e-06,7.306525e-06,1.4575002e-05,1.4265334e-05
66,7.1122054e-06,9.500578e-06,9.138824e-06,7.220159e-06,8.820192e-06,4.934915e-06,6.757318e-06,7.306525e-06,1.4575002e-05,1.4265334e-05,9.20994e-06
67,9.500578e-06,9.138824e-06,7.220159e-06,8.820192e-06,4.934915e-06,6.757318e-06,7.306525e-06,1.4575002e-05,1.4265334e-05,9.20994e-06,6.2406943e-06
68,9.138824e-06,7.220159e-06,8.820192e-06,4.934915e-06,6.757318e-06,7.306525e-06,1.4575002e-05,1.4265334e-05,9.20994e-06,6.2406943e-06,1.1366456e-05
69,7.220159e-06,8.820192e-06,4.934915e-06,6.757318e-06,7.306525e-06,1.4575002e-05,1.4265334e-05,9.20994e-06,6.2406943e-06,1.1366456e-05,9.4861925e-06
70,8.820192e-06,4.934915e-06,6.757318e-06,7.306525e-06,1.4575002e-05,1.4265334e-05,9.20994e-06,6.2406943e-06,1.1366456e-05,9.4861925e-06,8.505058e-06
71,4.934915e-06,6.757318e-06,7.306525e-06,1.4575002e-05,1.4265334e-05,9.20994e-06,6.2406943e-06,1.1366456e-05,9.4861925e-06,8.505058e-06,8.241424e-06
72,6.757318e-06,7.306525e-06,1.4575002e-05,1.4265334e-05,9.20994e-06,6.2406943e-06,1.1366456e-05,9.4861925e-06,8.505058e-06,8.241424e-06,1.0586571e-05
73,7.306525e-06,1.4575002e-05,1.4265334e-05,9.20994e-06,6.2406943e-06,1.1366456e-05,9.4861925e-06,8.505058e-06,8.241424e-06,1.0586571e-05,8.388525e-06
74,1.4575002e-05,1.4265334e-05,9.20994e-06,6.2406943e-06,1.1366456e-05,9.4861925e-06,8.505058e-06,8.241424e-06,1.0586571e-05,8.388525e-06,1.2266106e-05
75,1.4265334e-05,9.20994e-06,6.2406943e-06,1.1366456e-05,9.4861925e-06,8.505058e-06,8.241424e-06,1.0586571e-05,8.388525e-06,1.2266106e-05,9.189834e-06
76,9.20994e-06,6.2406943e-06,1.1366456e-05,9.4861925e-06,8.505058e-06,8.241424e-06,1.0586571e-05,8.388525e-06,1.2266106e-05,9.189834e-06,8.507944e-06
77,6.2406943e-06,1.1366456e-05,9.4861925e-06,8.505058e-06,8.241424e-06,1.0586571e-05,8.388525e-06,1.2266106e-05,9.189834e-06,8.507944e-06,9.405469e-06
78,1.1366456e-05,9.4861925e-06,8.505058e-06,8.241424e-06,1.0586571e-05,8.388525e-06,1.2266106e-05,9.189834e-06,8.507944e-06,9.405469e-06,1.0640612e-05
79,9.4861925e-06,8.505058e-06,8.241424e-06,1.0586571e-05,8.388525e-06,1.2266106e-05,9.189834e-06,8.507944e-06,9.405469e-06,1.0640612e-05,1.0793294e-05
80,8.505058e-06,8.241424e-06,1.0586571e-05,8.388525e-06,1.2266106e-05,9.189834e-06,8.507944e-06,9.405469e-06,1.0640612e-05,1.0793294e-05,1.1440599e-05
81,8.241424e-06,1.0586571e-05,8.388525e-06,1.2266106e-05,9.189834e-06,8.507944e-06,9.405469e-06,1.0640612e-05,1.0793294e-05,1.1440599e-05,1.2087904e-05
82,1.0586571e-05,8.388525e-06,1.2266106e-05,9.189834e-06,8.507944e-06,9.405469e-06,1.0640612e-05,1.0793294e-05,1.1440599e-05,1.2087904e-05,1.0718814e-05
83,8.388525e-06,1.2266106e-05,9.189834e-06,8.507944e-06,9.405469e-06,1.0640612e-05,1.0793294e-05,1.1440599e-05,1.2087904e-05,1.0718814e-05,9.807195e-06
84,1.2266106e-05,9.189834e-06,8.507944e-06,9.405469e-06,1.0640612e-05,1.0793294e-05,1.1440599e-05,1.2087904e-05,1.0718814e-05,9.807195e-06,1.0475404e-05
85,9.189834e-06,8.507944e-06,9.405469e-06,1.0640612e-05,1.0793294e-05,1.1440599e-05,1.2087904e-05,1.0718814e-05,9.807195e-06,1.0475404e-05,1.0948798e-05
86,8.507944e-06,9.405469e-06,1.0640612e-05,1.0793294e-05,1.1440599e-05,1.2087904e-05,1.0718814e-05,9.807195e-06,1.0475404e-05,1.0948798e-05,7.127609e-06
87,9.405469e-06,1.0640612e-05,1.0793294e-05,1.1440599e-05,1.2087904e-05,1.0718814e-05,9.807195e-06,1.0475404e-05,1.0948798e-05,7.127609e-06,1.7137489e-05
88,1.0640612e-05,1.0793294e-05,1.1440599e-05,1.2087904e-05,1.0718814e-05,9.807195e-06,1.0475404e-05,1.0948798e-05,7.127609e-06,1.7137489e-05,6.8275654e-06
89,1.0793294e-05,1.1440599e-05,1.2087904e-05,1.0718814e-05,9.807195e-06,1.0475404e-05,1.0948798e-05,7.127609e-06,1.7137489e-05,6.8275654e-06,1.0016533e-05
90,1.1440599e-05,1.2087904e-05,1.0718814e-05,9.807195e-06,1.0475404e-05,1.0948798e-05,7.127609e-06,1.7137489e-05,6.8275654e-06,1.0016533e-05,1.5385509e-05
91,1.2087904e-05,1.0718814e-05,9.807195e-06,1.0475404e-05,1.0948798e-05,7.127609e-06,1.7137489e-05,6.8275654e-06,1.0016533e-05,1.5385509e-05,8.203498e-06
92,1.0718814e-05,9.807195e-06,1.0475404e-05,1.0948798e-05,7.127609e-06,1.7137489e-05,6.8275654e-06,1.0016533e-05,1.5385509e-05,8.203498e-06,6.5903437e-06
93,9.807195e-06,1.0475404e-05,1.0948798e-05,7.127609e-06,1.7137489e-05,6.8275654e-06,1.0016533e-05,1.5385509e-05,8.203498e-06,6.5903437e-06,6.360903e-06
94,1.0475404e-05,1.0948798e-05,7.127609e-06,1.7137489e-05,6.8275654e-06,1.0016533e-05,1.5385509e-05,8.203498e-06,6.5903437e-06,6.360903e-06,9.439269e-06
95,1.0948798e-05,7.127609e-06,1.7137489e-05,6.8275654e-06,1.0016533e-05,1.5385509e-05,8.203498e-06,6.5903437e-06,6.360903e-06,9.439269e-06,8.2139895e-06
96,7.127609e-06,1.7137489e-05,6.8275654e-06,1.0016533e-05,1.5385509e-05,8.203498e-06,6.5903437e-06,6.360903e-06,9.439269e-06,8.2139895e-06,9.065933e-06
97,1.7137489e-05,6.8275654e-06,1.0016533e-05,1.5385509e-05,8.203498e-06,6.5903437e-06,6.360903e-06,9.439269e-06,8.2139895e-06,9.065933e-06,6.690881e-06
98,6.8275654e-06,1.0016533e-05,1.5385509e-05,8.203498e-06,6.5903437e-06,6.360903e-06,9.439269e-06,8.2139895e-06,9.065933e-06,6.690881e-06,1.571589e-05
99,1.0016533e-05,1.5385509e-05,8.203498e-06,6.5903437e-06,6.360903e-06,9.439269e-06,8.2139895e-06,9.065933e-06,6.690881e-06,1.571589e-05,1.2077798e-05
100,1.5385509e-05,8.203498e-06,6.5903437e-06,6.360903e-06,9.439269e-06,8.2139895e-06,9.065933e-06,6.690881e-06,1.571589e-05,1.2077798e-05,1.4316906e-05
101,8.203498e-06,6.5903437e-06,6.360903e-06,9.439269e-06,8.2139895e-06,9.065933e-06,6.690881e-06,1.571589e-05,1.2077798e-05,1.4316906e-05,1.0282495e-05
102,6.5903437e-06,6.360903e-06,9.439269e-06,8.2139895e-06,9.065933e-06,6.690881e-06,1.571589e-05,1.2077798e-05,1.4316906e-05,1.0282495e-05,7.468752e-06
103,6.360903e-06,9.439269e-06,8.2139895e-06,9.065933e-06,6.690881e-06,1.571589e-05,1.2077798e-05,1.4316906e-05,1.0282495e-05,7.468752e-06,1.1995457e-05
104,9.439269e-06,8.2139895e-06,9.065933e-06,6.690881e-06,1.571589e-05,1.2077798e-05,1.4316906e-05,1.0282495e-05,7.468752e-06,1.1995457e-05,9.013541e-06
105,8.2139895e-06,9.065933e-06,6.690881e-06,1.571589e-05,1.2077798e-05,1.4316906e-05,1.0282495e-05,7.468752e-06,1.1995457e-05,9.013541e-06,1.62194e-05
106,9.065933e-06,6.690881e-06,1.571589e-05,1.2077798e-05,1.4316906e-05,1.0282495e-05,7.468752e-06,1.1995457e-05,9.013541e-06,1.62194e-05,1.2417369e-05
107,6.690881e-06,1.571589e-05,1.2077798e-05,1.4316906e-05,1.0282495e-05,7.468752e-06,1.1995457e-05,9.013541e-06,1.62194e-05,1.2417369e-05,9.731425e-06
108,1.571589e-05,1.2077798e-05,1.4316906e-05,1.0282495e-05,7.468752e-06,1.1995457e-05,9.013541e-06,1.62194e-05,1.2417369e-05,9.731425e-06,8.857732e-06
109,1.2077798e-05,1.4316906e-05,1.0282495e-05,7.468752e-06,1.1995457e-05,9.013541e-06,1.62194e-05,1.2417369e-05,9.731425e-06,8.857732e-06,7.864497e-06
110,1.4316906e-05,1.0282495e-05,7.468752e-06,1.1995457e-05,9.013541e-06,1.62194e-05,1.2417369e-05,9.731425e-06,8.857732e-06,7.864497e-06,7.222762e-06
111,1.0282495e-05,7.468752e-06,1.1995457e-05,9.013541e-06,1.62194e-05,1.2417369e-05,9.731425e-06,8.857732e-06,7.864497e-06,7.222762e-06,8.303169e-06
112,7.468752e-06,1.1995457e-05,9.013541e-06,1.62194e-05,1.2417369e-05,9.731425e-06,8.857732e-06,7.864497e-06,7.222762e-06,8.303169e-06,1.0179585e-05
113,1.1995457e-05,9.013541e-06,1.62194e-05,1.2417369e-05,9.731425e-06,8.857732e-06,7.864497e-06,7.222762e-06,8.303169e-06,1.0179585e-05,5.911917e-06
114,9.013541e-06,1.62194e-05,1.2417369e-05,9.731425e-06,8.857732e-06,7.864497e-06,7.222762e-06,8.303169e-06,1.0179585e-05,5.911917e-06,1.5137167e-05
115,1.62194e-05,1.2417369e-05,9.731425e-06,8.857732e-06,7.864497e-06,7.222762e-06,8.303169e-06,1.0179585e-05,5.911917e-06,1.5137167e-05,1.5353991e-05
116,1.2417369e-05,9.731425e-06,8.857732e-06,7.864497e-06,7.222762e-06,8.303169e-06,1.0179585e-05,5.911917e-06,1.5137167e-05,1.5353991e-05,1.4794619e-05
117,9.731425e-06,8.857732e-06,7.864497e-06,7.222762e-06,8.303169e-06,1.0179585e-05,5.911917e-06,1.5137167e-05,1.5353991e-05,1.4794619e-05,1.0283218e-05
118,8.857732e-06,7.864497e-06,7.222762e-06,8.303169e-06,1.0179585e-05,5.911917e-06,1.5137167e-05,1.5353991e-05,1.4794619e-05,1.0283218e-05,1.0215534e-05
119,7.864497e-06,7.222762e-06,8.303169e-06,1.0179585e-05,5.911917e-06,1.5137167e-05,1.5353991e-05,1.4794619e-05,1.0283218e-05,1.0215534e-05,8.040393e-06
120,7.222762e-06,8.303169e-06,1.0179585e-05,5.911917e-06,1.5137167e-05,1.5353991e-05,1.4794619e-05,1.0283218e-05,1.0215534e-05,8.040393e-06,9.421331e-06
121,8.303169e-06,1.0179585e-05,5.911917e-06,1.5137167e-05,1.5353991e-05,1.4794619e-05,1.0283218e-05,1.0215534e-05,8.040393e-06,9.421331e-06,9.405999e-06
122,1.0179585e-05,5.911917e-06,1.5137167e-05,1.5353991e-05,1.4794619e-05,1.0283218e-05,1.0215534e-05,8.040393e-06,9.421331e-06,9.405999e-06,9.3906665e-06
123,5.911917e-06,1.5137167e-05,1.5353991e-05,1.4794619e-05,1.0283218e-05,1.0215534e-05,8.040393e-06,9.421331e-06,9.405999e-06,9.3906665e-06,1.6486114e-05
124,1.5137167e-05,1.5353991e-05,1.4794619e-05,1.0283218e-05,1.0215534e-05,8.040393e-06,9.421331e-06,9.405999e-06,9.3906665e-06,1.6486114e-05,1.4966123e-05
125,1.5353991e-05,1.4794619e-05,1.0283218e-05,1.0215534e-05,8.040393e-06,9.421331e-06,9.405999e-06,9.3906665e-06,1.6486114e-05,1.4966123e-05,1.3429633e-05
126,1.4794619e-05,1.0283218e-05,1.0215534e-05,8.040393e-06,9.421331e-06,9.405999e-06,9.3906665e-06,1.6486114e-05,1.4966123e-05,1.3429633e-05,1.0672613e-05
127,1.0283218e-05,1.0215534e-05,8.040393e-06,9.421331e-06,9.405999e-06,9.3906665e-06,1.6486114e-05,1.4966123e-05,1.3429633e-05,1.0672613e-05,1.2780257e-05
128,1.0215534e-05,8.040393e-06,9.421331e-06,9.405999e-06,9.3906665e-06,1.6486114e-05,1.4966123e-05,1.3429633e-05,1.0672613e-05,1.2780257e-05,2.0498332e-05
129,8.040393e-06,9.421331e-06,9.405999e-06,9.3906665e-06,1.6486114e-05,1.4966123e-05,1.3429633e-05,1.0672613e-05,1.2780257e-05,2.0498332e-05,1.1068514e-05
130,9.421331e-06,9.405999e-06,9.3906665e-06,1.6486114e-05,1.4966123e-05,1.3429633e-05,1.0672613e-05,1.2780257e-05,2.0498332e-05,1.1068514e-05,1.4390357e-05
131,9.405999e-06,9.3906665e-06,1.6486114e-05,1.4966123e-05,1.3429633e-05,1.0672613e-05,1.2780257e-05,2.0498332e-05,1.1068514e-05,1.4390357e-05,1.7619122e-05
132,9.3906665e-06,1.6486114e-05,1.4966123e-05,1.3429633e-05,1.0672613e-05,1.2780257e-05,2.0498332e-05,1.1068514e-05,1.4390357e-05,1.7619122e-05,1.472415e-05
133,1.6486114e-05,1.4966123e-05,1.3429633e-05,1.0672613e-05,1.2780257e-05,2.0498332e-05,1.1068514e-05,1.4390357e-05,1.7619122e-05,1.472415e-05,1.2556776e-05
134,1.4966123e-05,1.3429633e-05,1.0672613e-05,1.2780257e-05,2.0498332e-05,1.1068514e-05,1.4390357e-05,1.7619122e-05,1.472415e-05,1.2556776e-05,1.3510698e-05
135,1.3429633e-05,1.0672613e-05,1.2780257e-05,2.0498332e-05,1.1068514e-05,1.4390357e-05,1.7619122e-05,1.472415e-05,1.2556776e-05,1.3510698e-05,1.3420758e-05
136,1.0672613e-05,1.2780257e-05,2.0498332e-05,1.1068514e-05,1.4390357e-05,1.7619122e-05,1.472415e-05,1.2556776e-05,1.3510698e-05,1.3420758e-05,1.4124659e-05
137,1.2780257e-05,2.0498332e-05,1.1068514e-05,1.4390357e-05,1.7619122e-05,1.472415e-05,1.2556776e-05,1.3510698e-05,1.3420758e-05,1.4124659e-05,1.8024504e-05
138,2.0498332e-05,1.1068514e-05,1.4390357e-05,1.7619122e-05,1.472415e-05,1.2556776e-05,1.3510698e-05,1.3420758e-05,1.4124659e-05,1.8024504e-05,1.2987459e-05
139,1.1068514e-05,1.4390357e-05,1.7619122e-05,1.472415e-05,1.2556776e-05,1.3510698e-05,1.3420758e-05,1.4124659e-05,1.8024504e-05,1.2987459e-05,1.1193973e-05
140,1.4390357e-05,1.7619122e-05,1.472415e-05,1.2556776e-05,1.3510698e-05,1.3420758e-05,1.4124659e-05,1.8024504e-05,1.2987459e-05,1.1193973e-05,1.1317229e-05
141,1.7619122e-05,1.472415e-05,1.2556776e-05,1.3510698e-05,1.3420758e-05,1.4124659e-05,1.8024504e-05,1.2987459e-05,1.1193973e-05,1.1317229e-05,1.10607825e-05
142,1.472415e-05,1.2556776e-05,1.3510698e-05,1.3420758e-05,1.4124659e-05,1.8024504e-05,1.2987459e-05,1.1193973e-05,1.1317229e-05,1.10607825e-05,1.0804334e-05
143,1.2556776e-05,1.3510698e-05,1.3420758e-05,1.4124659e-05,1.8024504e-05,1.2987459e-05,1.1193973e-05,1.1317229e-05,1.10607825e-05,1.0804334e-05,1.0547884e-05
144,1.3510698e-05,1.3420758e-05,1.4124659e-05,1.8024504e-05,1.2987459e-05,1.1193973e-05,1.1317229e-05,1.10607825e-05,1.0804334e-05,1.0547884e-05,9.837544e-06
145,1.3420758e-05,1.4124659e-05,1.8024504e-05,1.2987459e-05,1.1193973e-05,1.1317229e-05,1.10607825e-05,1.0804334e-05,1.0547884e-05,9.837544e-06,1.0738798e-05
146,1.4124659e-05,1.8024504e-05,1.2987459e-05,1.1193973e-05,1.1317229e-05,1.10607825e-05,1.0804334e-05,1.0547884e-05,9.837544e-06,1.0738798e-05,1.164005e-05
147,1.8024504e-05,1.2987459e-05,1.1193973e-05,1.1317229e-05,1.10607825e-05,1.0804334e-05,1.0547884e-05,9.837544e-06,1.0738798e-05,1.164005e-05,1.0413312e-05
148,1.2987459e-05,1.1193973e-05,1.1317229e-05,1.10607825e-05,1.0804334e-05,1.0547884e-05,9.837544e-06,1.0738798e-05,1.164005e-05,1.0413312e-05,1.00975985e-05
149,1.1193973e-05,1.1317229e-05,1.10607825e-05,1.0804334e-05,1.0547884e-05,9.837544e-06,1.0738798e-05,1.164005e-05,1.0413312e-05,1.00975985e-05,9.781886e-06
150,1.1317229e-05,1.10607825e-05,1.0804334e-05,1.0547884e-05,9.837544e-06,1.0738798e-05,1.164005e-05,1.0413312e-05,1.00975985e-05,9.781886e-06,9.466173e-06
151,1.10607825e-05,1.0804334e-05,1.0547884e-05,9.837544e-06,1.0738798e-05,1.164005e-05,1.0413312e-05,1.00975985e-05,9.781886e-06,9.466173e-06,9.150458e-06
152,1.0804334e-05,1.0547884e-05,9.837544e-06,1.0738798e-05,1.164005e-05,1.0413312e-05,1.00975985e-05,9.781886e-06,9.466173e-06,9.150458e-06,8.834743e-06
153,1.0547884e-05,9.837544e-06,1.0738798e-05,1.164005e-05,1.0413312e-05,1.00975985e-05,9.781886e-06,9.466173e-06,9.150458e-06,8.834743e-06,7.5773673e-06
154,9.837544e-06,1.0738798e-05,1.164005e-05,1.0413312e-05,1.00975985e-05,9.781886e-06,9.466173e-06,9.150458e-06,8.834743e-06,7.5773673e-06,1.1749532e-05
155,1.0738798e-05,1.164005e-05,1.0413312e-05,1.00975985e-05,9.781886e-06,9.466173e-06,9.150458e-06,8.834743e-06,7.5773673e-06,1.1749532e-05,1.5239456e-05
156,1.164005e-05,1.0413312e-05,1.00975985e-05,9.781886e-06,9.466173e-06,9.150458e-06,8.834743e-06,7.5773673e-06,1.1749532e-05,1.5239456e-05,1.8691555e-05
157,1.0413312e-05,1.00975985e-05,9.781886e-06,9.466173e-06,9.150458e-06,8.834743e-06,7.5773673e-06,1.1749532e-05,1.5239456e-05,1.8691555e-05,1.7191061e-05
158,1.00975985e-05,9.781886e-06,9.466173e-06,9.150458e-06,8.834743e-06,7.5773673e-06,1.1749532e-05,1.5239456e-05,1.8691555e-05,1.7191061e-05,1.5690563e-05
159,9.781886e-06,9.466173e-06,9.150458e-06,8.834743e-06,7.5773673e-06,1.1749532e-05,1.5239456e-05,1.8691555e-05,1.7191061e-05,1.5690563e-05,1.440515e-05
160,9.466173e-06,9.150458e-06,8.834743e-06,7.5773673e-06,1.1749532e-05,1.5239456e-05,1.8691555e-05,1.7191061e-05,1.5690563e-05,1.440515e-05,1.3988816e-05
161,9.150458e-06,8.834743e-06,7.5773673e-06,1.1749532e-05,1.5239456e-05,1.8691555e-05,1.7191061e-05,1.5690563e-05,1.440515e-05,1.3988816e-05,1.3928683e-05
162,8.834743e-06,7.5773673e-06,1.1749532e-05,1.5239456e-05,1.8691555e-05,1.7191061e-05,1.5690563e-05,1.440515e-05,1.3988816e-05,1.3928683e-05,1.386855e-05
163,7.5773673e-06,1.1749532e-05,1.5239456e-05,1.8691555e-05,1.7191061e-05,1.5690563e-05,1.440515e-05,1.3988816e-05,1.3928683e-05,1.386855e-05,1.3808419e-05
164,1.1749532e-05,1.5239456e-05,1.8691555e-05,1.7191061e-05,1.5690563e-05,1.440515e-05,1.3988816e-05,1.3928683e-05,1.386855e-05,1.3808419e-05,1.3748284e-05
165,1.5239456e-05,1.8691555e-05,1.7191061e-05,1.5690563e-05,1.440515e-05,1.3988816e-05,1.3928683e-05,1.386855e-05,1.3808419e-05,1.3748284e-05,1.368815e-05
166,1.8691555e-05,1.7191061e-05,1.5690563e-05,1.440515e-05,1.3988816e-05,1.3928683e-05,1.386855e-05,1.3808419e-05,1.3748284e-05,1.368815e-05,1.3628019e-05
167,1.7191061e-05,1.5690563e-05,1.440515e-05,1.3988816e-05,1.3928683e-05,1.386855e-05,1.3808419e-05,1.3748284e-05,1.368815e-05,1.3628019e-05,1.3567887e-05
168,1.5690563e-05,1.440515e-05,1.3988816e-05,1.3928683e-05,1.386855e-05,1.3808419e-05,1.3748284e-05,1.368815e-05,1.3628019e-05,1.3567887e-05,1.35077535e-05
169,1.440515e-05,1.3988816e-05,1.3928683e-05,1.386855e-05,1.3808419e-05,1.3748284e-05,1.368815e-05,1.3628019e-05,1.3567887e-05,1.35077535e-05,1.3904113e-05
170,1.3988816e-05,1.3928683e-05,1.386855e-05,1.3808419e-05,1.3748284e-05,1.368815e-05,1.3628019e-05,1.3567887e-05,1.35077535e-05,1.3904113e-05,1.3936429e-05
171,1.3928683e-05,1.386855e-05,1.3808419e-05,1.3748284e-05,1.368815e-05,1.3628019e-05,1.3567887e-05,1.35077535e-05,1.3904113e-05,1.3936429e-05,1.377546e-05
172,1.386855e-05,1.3808419e-05,1.3748284e-05,1.368815e-05,1.3628019e-05,1.3567887e-05,1.35077535e-05,1.3904113e-05,1.3936429e-05,1.377546e-05,1.3614489e-05
173,1.3808419e-05,1.3748284e-05,1.368815e-05,1.3628019e-05,1.3567887e-05,1.35077535e-05,1.3904113e-05,1.3936429e-05,1.377546e-05,1.3614489e-05,1.345352e-05
174,1.3748284e-05,1.368815e-05,1.3628019e-05,1.3567887e-05,1.35077535e-05,1.3904113e-05,1.3936429e-05,1.377546e-05,1.3614489e-05,1.345352e-05,1.3250329e-05
175,1.368815e-05,1.3628019e-05,1.3567887e-05,1.35077535e-05,1.3904113e-05,1.3936429e-05,1.377546e-05,1.3614489e-05,1.345352e-05,1.3250329e-05,1.3047139e-05
176,1.3628019e-05,1.3567887e-05,1.35077535e-05,1.3904113e-05,1.3936429e-05,1.377546e-05,1.3614489e-05,1.345352e-05,1.3250329e-05,1.3047139e-05,1.3443643e-05
177,1.3567887e-05,1.35077535e-05,1.3904113e-05,1.3936429e-05,1.377546e-05,1.3614489e-05,1.345352e-05,1.3250329e-05,1.3047139e-05,1.3443643e-05,1.3840146e-05
178,1.35077535e-05,1.3904113e-05,1.3936429e-05,1.377546e-05,1.3614489e-05,1.345352e-05,1.3250329e-05,1.3047139e-05,1.3443643e-05,1.3840146e-05,1.2854592e-05
179,1.3904113e-05,1.3936429e-05,1.377546e-05,1.3614489e-05,1.345352e-05,1.3250329e-05,1.3047139e-05,1.3443643e-05,1.3840146e-05,1.2854592e-05,1.1150342e-05
180,1.3936429e-05,1.377546e-05,1.3614489e-05,1.345352e-05,1.3250329e-05,1.3047139e-05,1.3443643e-05,1.3840146e-05,1.2854592e-05,1.1150342e-05,2.3053133e-05
181,1.377546e-05,1.3614489e-05,1.345352e-05,1.3250329e-05,1.3047139e-05,1.3443643e-05,1.3840146e-05,1.2854592e-05,1.1150342e-05,2.3053133e-05,2.0633563e-05
182,1.3614489e-05,1.345352e-05,1.3250329e-05,1.3047139e-05,1.3443643e-05,1.3840146e-05,1.2854592e-05,1.1150342e-05,2.3053133e-05,2.0633563e-05,2.0074238e-05
183,1.345352e-05,1.3250329e-05,1.3047139e-05,1.3443643e-05,1.3840146e-05,1.2854592e-05,1.1150342e-05,2.3053133e-05,2.0633563e-05,2.0074238e-05,1.9514915e-05
184,1.3250329e-05,1.3047139e-05,1.3443643e-05,1.3840146e-05,1.2854592e-05,1.1150342e-05,2.3053133e-05,2.0633563e-05,2.0074238e-05,1.9514915e-05,1.90765e-05
185,1.3047139e-05,1.3443643e-05,1.3840146e-05,1.2854592e-05,1.1150342e-05,2.3053133e-05,2.0633563e-05,2.0074238e-05,1.9514915e-05,1.90765e-05,1.8638086e-05
186,1.3443643e-05,1.3840146e-05,1.2854592e-05,1.1150342e-05,2.3053133e-05,2.0633563e-05,2.0074238e-05,1.9514915e-05,1.90765e-05,1.8638086e-05,1.8185634e-05
187,1.3840146e-05,1.2854592e-05,1.1150342e-05,2.3053133e-05,2.0633563e-05,2.0074238e-05,1.9514915e-05,1.90765e-05,1.8638086e-05,1.8185634e-05,1.7841383e-05
188,1.2854592e-05,1.1150342e-05,2.3053133e-05,2.0633563e-05,2.0074238e-05,1.9514915e-05,1.90765e-05,1.8638086e-05,1.8185634e-05,1.7841383e-05,1.7755036e-05
189,1.1150342e-05,2.3053133e-05,2.0633563e-05,2.0074238e-05,1.9514915e-05,1.90765e-05,1.8638086e-05,1.8185634e-05,1.7841383e-05,1.7755036e-05,1.672463e-05
190,2.3053133e-05,2.0633563e-05,2.0074238e-05,1.9514915e-05,1.90765e-05,1.8638086e-05,1.8185634e-05,1.7841383e-05,1.7755036e-05,1.672463e-05,1.6493603e-05
191,2.0633563e-05,2.0074238e-05,1.9514915e-05,1.90765e-05,1.8638086e-05,1.8185634e-05,1.7841383e-05,1.7755036e-05,1.672463e-05,1.6493603e-05,1.774879e-05
192,2.0074238e-05,1.9514915e-05,1.90765e-05,1.8638086e-05,1.8185634e-05,1.7841383e-05,1.7755036e-05,1.672463e-05,1.6493603e-05,1.774879e-05,1.9259021e-05
193,1.9514915e-05,1.90765e-05,1.8638086e-05,1.8185634e-05,1.7841383e-05,1.7755036e-05,1.672463e-05,1.6493603e-05,1.774879e-05,1.9259021e-05,1.941083e-05
194,1.90765e-05,1.8638086e-05,1.8185634e-05,1.7841383e-05,1.7755036e-05,1.672463e-05,1.6493603e-05,1.774879e-05,1.9259021e-05,1.941083e-05,1.8716037e-05
195,1.8638086e-05,1.8185634e-05,1.7841383e-05,1.7755036e-05,1.672463e-05,1.6493603e-05,1.774879e-05,1.9259021e-05,1.941083e-05,1.8716037e-05,1.8524854e-05
196,1.8185634e-05,1.7841383e-05,1.7755036e-05,1.672463e-05,1.6493603e-05,1.774879e-05,1.9259021e-05,1.941083e-05,1.8716037e-05,1.8524854e-05,1.7886654e-05
197,1.7841383e-05,1.7755036e-05,1.672463e-05,1.6493603e-05,1.774879e-05,1.9259021e-05,1.941083e-05,1.8716037e-05,1.8524854e-05,1.7886654e-05,1.7248452e-05
198,1.7755036e-05,1.672463e-05,1.6493603e-05,1.774879e-05,1.9259021e-05,1.941083e-05,1.8716037e-05,1.8524854e-05,1.7886654e-05,1.7248452e-05,1.661025e-05
199,1.672463e-05,1.6493603e-05,1.774879e-05,1.9259021e-05,1.941083e-05,1.8716037e-05,1.8524854e-05,1.7886654e-05,1.7248452e-05,1.661025e-05,1.597205e-05
200,1.6493603e-05,1.774879e-05,1.9259021e-05,1.941083e-05,1.8716037e-05,1.8524854e-05,1.7886654e-05,1.7248452e-05,1.661025e-05,1.597205e-05,1.615795e-05
201,1.774879e-05,1.9259021e-05,1.941083e-05,1.8716037e-05,1.8524854e-05,1.7886654e-05,1.7248452e-05,1.661025e-05,1.597205e-05,1.615795e-05,1.6788757e-05
202,1.9259021e-05,1.941083e-05,1.8716037e-05,1.8524854e-05,1.7886654e-05,1.7248452e-05,1.661025e-05,1.597205e-05,1.615795e-05,1.6788757e-05,1.741956e-05
203,1.941083e-05,1.8716037e-05,1.8524854e-05,1.7886654e-05,1.7248452e-05,1.661025e-05,1.597205e-05,1.615795e-05,1.6788757e-05,1.741956e-05,1.8050365e-05
204,1.8716037e-05,1.8524854e-05,1.7886654e-05,1.7248452e-05,1.661025e-05,1.597205e-05,1.615795e-05,1.6788757e-05,1.741956e-05,1.8050365e-05,1.8681172e-05
205,1.8524854e-05,1.7886654e-05,1.7248452e-05,1.661025e-05,1.597205e-05,1.615795e-05,1.6788757e-05,1.741956e-05,1.8050365e-05,1.8681172e-05,1.9431838e-05
206,1.7886654e-05,1.7248452e-05,1.661025e-05,1.597205e-05,1.615795e-05,1.6788757e-05,1.741956e-05,1.8050365e-05,1.8681172e-05,1.9431838e-05,1.893668e-05
207,1.7248452e-05,1.661025e-05,1.597205e-05,1.615795e-05,1.6788757e-05,1.741956e-05,1.8050365e-05,1.8681172e-05,1.9431838e-05,1.893668e-05,1.8076742e-05
208,1.661025e-05,1.597205e-05,1.615795e-05,1.6788757e-05,1.741956e-05,1.8050365e-05,1.8681172e-05,1.9431838e-05,1.893668e-05,1.8076742e-05,1.8177647e-05
209,1.597205e-05,1.615795e-05,1.6788757e-05,1.741956e-05,1.8050365e-05,1.8681172e-05,1.9431838e-05,1.893668e-05,1.8076742e-05,1.8177647e-05,1.8278552e-05
210,1.615795e-05,1.6788757e-05,1.741956e-05,1.8050365e-05,1.8681172e-05,1.9431838e-05,1.893668e-05,1.8076742e-05,1.8177647e-05,1.8278552e-05,1.8379456e-05
211,1.6788757e-05,1.741956e-05,1.8050365e-05,1.8681172e-05,1.9431838e-05,1.893668e-05,1.8076742e-05,1.8177647e-05,1.8278552e-05,1.8379456e-05,1.8404833e-05
212,1.741956e-05,1.8050365e-05,1.8681172e-05,1.9431838e-05,1.893668e-05,1.8076742e-05,1.8177647e-05,1.8278552e-05,1.8379456e-05,1.8404833e-05,1.8501176e-05
213,1.8050365e-05,1.8681172e-05,1.9431838e-05,1.893668e-05,1.8076742e-05,1.8177647e-05,1.8278552e-05,1.8379456e-05,1.8404833e-05,1.8501176e-05,1.859751e-05
214,1.8681172e-05,1.9431838e-05,1.893668e-05,1.8076742e-05,1.8177647e-05,1.8278552e-05,1.8379456e-05,1.8404833e-05,1.8501176e-05,1.859751e-05,1.8693854e-05
215,1.9431838e-05,1.893668e-05,1.8076742e-05,1.8177647e-05,1.8278552e-05,1.8379456e-05,1.8404833e-05,1.8501176e-05,1.859751e-05,1.8693854e-05,1.8790191e-05
216,1.893668e-05,1.8076742e-05,1.8177647e-05,1.8278552e-05,1.8379456e-05,1.8404833e-05,1.8501176e-05,1.859751e-05,1.8693854e-05,1.8790191e-05,1.8886534e-05
217,1.8076742e-05,1.8177647e-05,1.8278552e-05,1.8379456e-05,1.8404833e-05,1.8501176e-05,1.859751e-05,1.8693854e-05,1.8790191e-05,1.8886534e-05,1.8982873e-05
218,1.8177647e-05,1.8278552e-05,1.8379456e-05,1.8404833e-05,1.8501176e-05,1.859751e-05,1.8693854e-05,1.8790191e-05,1.8886534e-05,1.8982873e-05,1.9002326e-05
219,1.8278552e-05,1.8379456e-05,1.8404833e-05,1.8501176e-05,1.859751e-05,1.8693854e-05,1.8790191e-05,1.8886534e-05,1.8982873e-05,1.9002326e-05,1.9021778e-05
220,1.8379456e-05,1.8404833e-05,1.8501176e-05,1.859751e-05,1.8693854e-05,1.8790191e-05,1.8886534e-05,1.8982873e-05,1.9002326e-05,1.9021778e-05,1.9041228e-05
221,1.8404833e-05,1.8501176e-05,1.859751e-05,1.8693854e-05,1.8790191e-05,1.8886534e-05,1.8982873e-05,1.9002326e-05,1.9021778e-05,1.9041228e-05,1.8716373e-05
222,1.8501176e-05,1.859751e-05,1.8693854e-05,1.8790191e-05,1.8886534e-05,1.8982873e-05,1.9002326e-05,1.9021778e-05,1.9041228e-05,1.8716373e-05,1.8024077e-05
223,1.859751e-05,1.8693854e-05,1.8790191e-05,1.8886534e-05,1.8982873e-05,1.9002326e-05,1.9021778e-05,1.9041228e-05,1.8716373e-05,1.8024077e-05,1.7331782e-05
224,1.8693854e-05,1.8790191e-05,1.8886534e-05,1.8982873e-05,1.9002326e-05,1.9021778e-05,1.9041228e-05,1.8716373e-05,1.8024077e-05,1.7331782e-05,1.6639484e-05
225,1.8790191e-05,1.8886534e-05,1.8982873e-05,1.9002326e-05,1.9021778e-05,1.9041228e-05,1.8716373e-05,1.8024077e-05,1.7331782e-05,1.6639484e-05,1.5947186e-05
226,1.8886534e-05,1.8982873e-05,1.9002326e-05,1.9021778e-05,1.9041228e-05,1.8716373e-05,1.8024077e-05,1.7331782e-05,1.6639484e-05,1.5947186e-05,1.5254889e-05
227,1.8982873e-05,1.9002326e-05,1.9021778e-05,1.9041228e-05,1.8716373e-05,1.8024077e-05,1.7331782e-05,1.6639484e-05,1.5947186e-05,1.5254889e-05,1.4562592e-05
228,1.9002326e-05,1.9021778e-05,1.9041228e-05,1.8716373e-05,1.8024077e-05,1.7331782e-05,1.6639484e-05,1.5947186e-05,1.5254889e-05,1.4562592e-05,1.4067107e-05
229,1.9021778e-05,1.9041228e-05,1.8716373e-05,1.8024077e-05,1.7331782e-05,1.6639484e-05,1.5947186e-05,1.5254889e-05,1.4562592e-05,1.4067107e-05,1.3571625e-05
230,1.9041228e-05,1.8716373e-05,1.8024077e-05,1.7331782e-05,1.6639484e-05,1.5947186e-05,1.5254889e-05,1.4562592e-05,1.4067107e-05,1.3571625e-05,1.3076141e-05
231,1.8716373e-05,1.8024077e-05,1.7331782e-05,1.6639484e-05,1.5947186e-05,1.5254889e-05,1.4562592e-05,1.4067107e-05,1.3571625e-05,1.3076141e-05,1.2580656e-05
232,1.8024077e-05,1.7331782e-05,1.6639484e-05,1.5947186e-05,1.5254889e-05,1.4562592e-05,1.4067107e-05,1.3571625e-05,1.3076141e-05,1.2580656e-05,1.2085172e-05
233,1.7331782e-05,1.6639484e-05,1.5947186e-05,1.5254889e-05,1.4562592e-05,1.4067107e-05,1.3571625e-05,1.3076141e-05,1.2580656e-05,1.2085172e-05,1.2844847e-05
234,1.6639484e-05,1.5947186e-05,1.5254889e-05,1.4562592e-05,1.4067107e-05,1.3571625e-05,1.3076141e-05,1.2580656e-05,1.2085172e-05,1.2844847e-05,1.2755067e-05
235,1.5947186e-05,1.5254889e-05,1.4562592e-05,1.4067107e-05,1.3571625e-05,1.3076141e-05,1.2580656e-05,1.2085172e-05,1.2844847e-05,1.2755067e-05,1.0723034e-05
236,1.5254889e-05,1.4562592e-05,1.4067107e-05,1.3571625e-05,1.3076141e-05,1.2580656e-05,1.2085172e-05,1.2844847e-05,1.2755067e-05,1.0723034e-05,8.6909995e-06
237,1.4562592e-05,1.4067107e-05,1.3571625e-05,1.3076141e-05,1.2580656e-05,1.2085172e-05,1.2844847e-05,1.2755067e-05,1.0723034e-05,8.6909995e-06,6.6589673e-06
238,1.4067107e-05,1.3571625e-05,1.3076141e-05,1.2580656e-05,1.2085172e-05,1.2844847e-05,1.2755067e-05,1.0723034e-05,8.6909995e-06,6.6589673e-06,8.7141025e-06
239,1.3571625e-05,1.3076141e-05,1.2580656e-05,1.2085172e-05,1.2844847e-05,1.2755067e-05,1.0723034e-05,8.6909995e-06,6.6589673e-06,8.7141025e-06,9.790621e-06
240,1.3076141e-05,1.2580656e-05,1.2085172e-05,1.2844847e-05,1.2755067e-05,1.0723034e-05,8.6909995e-06,6.6589673e-06,8.7141025e-06,9.790621e-06,1.0867138e-05
241,1.2580656e-05,1.2085172e-05,1.2844847e-05,1.2755067e-05,1.0723034e-05,8.6909995e-06,6.6589673e-06,8.7141025e-06,9.790621e-06,1.0867138e-05,1.1943656e-05
242,1.2085172e-05,1.2844847e-05,1.2755067e-05,1.0723034e-05,8.6909995e-06,6.6589673e-06,8.7141025e-06,9.790621e-06,1.0867138e-05,1.1943656e-05,1.3030586e-05
243,1.2844847e-05,1.2755067e-05,1.0723034e-05,8.6909995e-06,6.6589673e-06,8.7141025e-06,9.790621e-06,1.0867138e-05,1.1943656e-05,1.3030586e-05,1.4117517e-05
244,1.2755067e-05,1.0723034e-05,8.6909995e-06,6.6589673e-06,8.7141025e-06,9.790621e-06,1.0867138e-05,1.1943656e-05,1.3030586e-05,1.4117517e-05,1.7581444e-05
245,1.0723034e-05,8.6909995e-06,6.6589673e-06,8.7141025e-06,9.790621e-06,1.0867138e-05,1.1943656e-05,1.3030586e-05,1.4117517e-05,1.7581444e-05,1.6819258e-05
246,8.6909995e-06,6.6589673e-06,8.7141025e-06,9.790621e-06,1.0867138e-05,1.1943656e-05,1.3030586e-05,1.4117517e-05,1.7581444e-05,1.6819258e-05,1.6057078e-05
247,6.6589673e-06,8.7141025e-06,9.790621e-06,1.0867138e-05,1.1943656e-05,1.3030586e-05,1.4117517e-05,1.7581444e-05,1.6819258e-05,1.6057078e-05,1.6085056e-05
248,8.7141025e-06,9.790621e-06,1.0867138e-05,1.1943656e-05,1.3030586e-05,1.4117517e-05,1.7581444e-05,1.6819258e-05,1.6057078e-05,1.6085056e-05,1.4410787e-05
249,9.790621e-06,1.0867138e-05,1.1943656e-05,1.3030586e-05,1.4117517e-05,1.7581444e-05,1.6819258e-05,1.6057078e-05,1.6085056e-05,1.4410787e-05,1.4490925e-05
250,1.0867138e-05,1.1943656e-05,1.3030586e-05,1.4117517e-05,1.7581444e-05,1.6819258e-05,1.6057078e-05,1.6085056e-05,1.4410787e-05,1.4490925e-05,1.4571066e-05
251,1.1943656e-05,1.3030586e-05,1.4117517e-05,1.7581444e-05,1.6819258e-05,1.6057078e-05,1.6085056e-05,1.4410787e-05,1.4490925e-05,1.4571066e-05,1.4767721e-05
252,1.3030586e-05,1.4117517e-05,1.7581444e-05,1.6819258e-05,1.6057078e-05,1.6085056e-05,1.4410787e-05,1.4490925e-05,1.4571066e-05,1.4767721e-05,1.4964376e-05
253,1.4117517e-05,1.7581444e-05,1.6819258e-05,1.6057078e-05,1.6085056e-05,1.4410787e-05,1.4490925e-05,1.4571066e-05,1.4767721e-05,1.4964376e-05,1.4615598e-05
254,1.7581444e-05,1.6819258e-05,1.6057078e-05,1.6085056e-05,1.4410787e-05,1.4490925e-05,1.4571066e-05,1.4767721e-05,1.4964376e-05,1.4615598e-05,1.426682e-05
255,1.6819258e-05,1.6057078e-05,1.6085056e-05,1.4410787e-05,1.4490925e-05,1.4571066e-05,1.4767721e-05,1.4964376e-05,1.4615598e-05,1.426682e-05,1.452263e-05
256,1.6057078e-05,1.6085056e-05,1.4410787e-05,1.4490925e-05,1.4571066e-05,1.4767721e-05,1.4964376e-05,1.4615598e-05,1.426682e-05,1.452263e-05,1.4778443e-05
257,1.6085056e-05,1.4410787e-05,1.4490925e-05,1.4571066e-05,1.4767721e-05,1.4964376e-05,1.4615598e-05,1.426682e-05,1.452263e-05,1.4778443e-05,1.491683e-05
258,1.4410787e-05,1.4490925e-05,1.4571066e-05,1.4767721e-05,1.4964376e-05,1.4615598e-05,1.426682e-05,1.452263e-05,1.4778443e-05,1.491683e-05,1.5055216e-05
259,1.4490925e-05,1.4571066e-05,1.4767721e-05,1.4964376e-05,1.4615598e-05,1.426682e-05,1.452263e-05,1.4778443e-05,1.491683e-05,1.5055216e-05,1.5193602e-05
260,1.4571066e-05,1.4767721e-05,1.4964376e-05,1.4615598e-05,1.426682e-05,1.452263e-05,1.4778443e-05,1.491683e-05,1.5055216e-05,1.5193602e-05,1.5680582e-05
261,1.4767721e-05,1.4964376e-05,1.4615598e-05,1.426682e-05,1.452263e-05,1.4778443e-05,1.491683e-05,1.5055216e-05,1.5193602e-05,1.5680582e-05,1.5418826e-05
262,1.4964376e-05,1.4615598e-05,1.426682e-05,1.452263e-05,1.4778443e-05,1.491683e-05,1.5055216e-05,1.5193602e-05,1.5680582e-05,1.5418826e-05,1.5157075e-05
263,1.4615598e-05,1.426682e-05,1.452263e-05,1.4778443e-05,1.491683e-05,1.5055216e-05,1.5193602e-05,1.5680582e-05,1.5418826e-05,1.5157075e-05,1.7332952e-05
264,1.426682e-05,1.452263e-05,1.4778443e-05,1.491683e-05,1.5055216e-05,1.5193602e-05,1.5680582e-05,1.5418826e-05,1.5157075e-05,1.7332952e-05,1.8062756e-05
265,1.452263e-05,1.4778443e-05,1.491683e-05,1.5055216e-05,1.5193602e-05,1.5680582e-05,1.5418826e-05,1.5157075e-05,1.7332952e-05,1.8062756e-05,1.812337e-05
266,1.4778443e-05,1.491683e-05,1.5055216e-05,1.5193602e-05,1.5680582e-05,1.5418826e-05,1.5157075e-05,1.7332952e-05,1.8062756e-05,1.812337e-05,1.8183982e-05
267,1.491683e-05,1.5055216e-05,1.5193602e-05,1.5680582e-05,1.5418826e-05,1.5157075e-05,1.7332952e-05,1.8062756e-05,1.812337e-05,1.8183982e-05,1.82446e-05
268,1.5055216e-05,1.5193602e-05,1.5680582e-05,1.5418826e-05,1.5157075e-05,1.7332952e-05,1.8062756e-05,1.812337e-05,1.8183982e-05,1.82446e-05,1.8274907000000003e-05
269,1.5193602e-05,1.5680582e-05,1.5418826e-05,1.5157075e-05,1.7332952e-05,1.8062756e-05,1.812337e-05,1.8183982e-05,1.82446e-05,1.8274907000000003e-05,1.8305214e-05
270,1.5680582e-05,1.5418826e-05,1.5157075e-05,1.7332952e-05,1.8062756e-05,1.812337e-05,1.8183982e-05,1.82446e-05,1.8274907000000003e-05,1.8305214e-05,1.8365827e-05
271,1.5418826e-05,1.5157075e-05,1.7332952e-05,1.8062756e-05,1.812337e-05,1.8183982e-05,1.82446e-05,1.8274907000000003e-05,1.8305214e-05,1.8365827e-05,1.8426443e-05
272,1.5157075e-05,1.7332952e-05,1.8062756e-05,1.812337e-05,1.8183982e-05,1.82446e-05,1.8274907000000003e-05,1.8305214e-05,1.8365827e-05,1.8426443e-05,2.1152513e-05
273,1.7332952e-05,1.8062756e-05,1.812337e-05,1.8183982e-05,1.82446e-05,1.8274907000000003e-05,1.8305214e-05,1.8365827e-05,1.8426443e-05,2.1152513e-05,1.8811907e-05
274,1.8062756e-05,1.812337e-05,1.8183982e-05,1.82446e-05,1.8274907000000003e-05,1.8305214e-05,1.8365827e-05,1.8426443e-05,2.1152513e-05,1.8811907e-05,1.9735517e-05
275,1.812337e-05,1.8183982e-05,1.82446e-05,1.8274907000000003e-05,1.8305214e-05,1.8365827e-05,1.8426443e-05,2.1152513e-05,1.8811907e-05,1.9735517e-05,2.065912e-05
276,1.8183982e-05,1.82446e-05,1.8274907000000003e-05,1.8305214e-05,1.8365827e-05,1.8426443e-05,2.1152513e-05,1.8811907e-05,1.9735517e-05,2.065912e-05,2.109482e-05
277,1.82446e-05,1.8274907000000003e-05,1.8305214e-05,1.8365827e-05,1.8426443e-05,2.1152513e-05,1.8811907e-05,1.9735517e-05,2.065912e-05,2.109482e-05,2.1225966e-05
278,1.8274907000000003e-05,1.8305214e-05,1.8365827e-05,1.8426443e-05,2.1152513e-05,1.8811907e-05,1.9735517e-05,2.065912e-05,2.109482e-05,2.1225966e-05,1.8930503e-05
279,1.8305214e-05,1.8365827e-05,1.8426443e-05,2.1152513e-05,1.8811907e-05,1.9735517e-05,2.065912e-05,2.109482e-05,2.1225966e-05,1.8930503e-05,1.6635046e-05
280,1.8365827e-05,1.8426443e-05,2.1152513e-05,1.8811907e-05,1.9735517e-05,2.065912e-05,2.109482e-05,2.1225966e-05,1.8930503e-05,1.6635046e-05,1.43395855e-05
281,1.8426443e-05,2.1152513e-05,1.8811907e-05,1.9735517e-05,2.065912e-05,2.109482e-05,2.1225966e-05,1.8930503e-05,1.6635046e-05,1.43395855e-05,1.6281934e-05
282,2.1152513e-05,1.8811907e-05,1.9735517e-05,2.065912e-05,2.109482e-05,2.1225966e-05,1.8930503e-05,1.6635046e-05,1.43395855e-05,1.6281934e-05,1.9546453e-05
283,1.8811907e-05,1.9735517e-05,2.065912e-05,2.109482e-05,2.1225966e-05,1.8930503e-05,1.6635046e-05,1.43395855e-05,1.6281934e-05,1.9546453e-05,1.6815571e-05
284,1.9735517e-05,2.065912e-05,2.109482e-05,2.1225966e-05,1.8930503e-05,1.6635046e-05,1.43395855e-05,1.6281934e-05,1.9546453e-05,1.6815571e-05,1.3176373e-05
285,2.065912e-05,2.109482e-05,2.1225966e-05,1.8930503e-05,1.6635046e-05,1.43395855e-05,1.6281934e-05,1.9546453e-05,1.6815571e-05,1.3176373e-05,1.7899825e-05
286,2.109482e-05,2.1225966e-05,1.8930503e-05,1.6635046e-05,1.43395855e-05,1.6281934e-05,1.9546453e-05,1.6815571e-05,1.3176373e-05,1.7899825e-05,1.7385171e-05
287,2.1225966e-05,1.8930503e-05,1.6635046e-05,1.43395855e-05,1.6281934e-05,1.9546453e-05,1.6815571e-05,1.3176373e-05,1.7899825e-05,1.7385171e-05,1.5055447e-05
288,1.8930503e-05,1.6635046e-05,1.43395855e-05,1.6281934e-05,1.9546453e-05,1.6815571e-05,1.3176373e-05,1.7899825e-05,1.7385171e-05,1.5055447e-05,1.6401445e-05
289,1.6635046e-05,1.43395855e-05,1.6281934e-05,1.9546453e-05,1.6815571e-05,1.3176373e-05,1.7899825e-05,1.7385171e-05,1.5055447e-05,1.6401445e-05,1.5600113e-05
290,1.43395855e-05,1.6281934e-05,1.9546453e-05,1.6815571e-05,1.3176373e-05,1.7899825e-05,1.7385171e-05,1.5055447e-05,1.6401445e-05,1.5600113e-05,1.549036e-05
291,1.6281934e-05,1.9546453e-05,1.6815571e-05,1.3176373e-05,1.7899825e-05,1.7385171e-05,1.5055447e-05,1.6401445e-05,1.5600113e-05,1.549036e-05,1.5191576e-05
292,1.9546453e-05,1.6815571e-05,1.3176373e-05,1.7899825e-05,1.7385171e-05,1.5055447e-05,1.6401445e-05,1.5600113e-05,1.549036e-05,1.5191576e-05,1.5397698e-05
293,1.6815571e-05,1.3176373e-05,1.7899825e-05,1.7385171e-05,1.5055447e-05,1.6401445e-05,1.5600113e-05,1.549036e-05,1.5191576e-05,1.5397698e-05,1.5812964e-05
294,1.3176373e-05,1.7899825e-05,1.7385171e-05,1.5055447e-05,1.6401445e-05,1.5600113e-05,1.549036e-05,1.5191576e-05,1.5397698e-05,1.5812964e-05,1.6110434e-05
295,1.7899825e-05,1.7385171e-05,1.5055447e-05,1.6401445e-05,1.5600113e-05,1.549036e-05,1.5191576e-05,1.5397698e-05,1.5812964e-05,1.6110434e-05,1.6407903e-05
296,1.7385171e-05,1.5055447e-05,1.6401445e-05,1.5600113e-05,1.549036e-05,1.5191576e-05,1.5397698e-05,1.5812964e-05,1.6110434e-05,1.6407903e-05,1.6432252e-05
297,1.5055447e-05,1.6401445e-05,1.5600113e-05,1.549036e-05,1.5191576e-05,1.5397698e-05,1.5812964e-05,1.6110434e-05,1.6407903e-05,1.6432252e-05,1.6435579e-05
298,1.6401445e-05,1.5600113e-05,1.549036e-05,1.5191576e-05,1.5397698e-05,1.5812964e-05,1.6110434e-05,1.6407903e-05,1.6432252e-05,1.6435579e-05,1.575161e-05
299,1.5600113e-05,1.549036e-05,1.5191576e-05,1.5397698e-05,1.5812964e-05,1.6110434e-05,1.6407903e-05,1.6432252e-05,1.6435579e-05,1.575161e-05,1.451304e-05
300,1.549036e-05,1.5191576e-05,1.5397698e-05,1.5812964e-05,1.6110434e-05,1.6407903e-05,1.6432252e-05,1.6435579e-05,1.575161e-05,1.451304e-05,1.3554748e-05
301,1.5191576e-05,1.5397698e-05,1.5812964e-05,1.6110434e-05,1.6407903e-05,1.6432252e-05,1.6435579e-05,1.575161e-05,1.451304e-05,1.3554748e-05,1.2596455e-05
302,1.5397698e-05,1.5812964e-05,1.6110434e-05,1.6407903e-05,1.6432252e-05,1.6435579e-05,1.575161e-05,1.451304e-05,1.3554748e-05,1.2596455e-05,1.2099006e-05
303,1.5812964e-05,1.6110434e-05,1.6407903e-05,1.6432252e-05,1.6435579e-05,1.575161e-05,1.451304e-05,1.3554748e-05,1.2596455e-05,1.2099006e-05,1.3049644e-05
304,1.6110434e-05,1.6407903e-05,1.6432252e-05,1.6435579e-05,1.575161e-05,1.451304e-05,1.3554748e-05,1.2596455e-05,1.2099006e-05,1.3049644e-05,9.462947e-06
305,1.6407903e-05,1.6432252e-05,1.6435579e-05,1.575161e-05,1.451304e-05,1.3554748e-05,1.2596455e-05,1.2099006e-05,1.3049644e-05,9.462947e-06,1.1447227e-05
306,1.6432252e-05,1.6435579e-05,1.575161e-05,1.451304e-05,1.3554748e-05,1.2596455e-05,1.2099006e-05,1.3049644e-05,9.462947e-06,1.1447227e-05,1.0628426e-05
307,1.6435579e-05,1.575161e-05,1.451304e-05,1.3554748e-05,1.2596455e-05,1.2099006e-05,1.3049644e-05,9.462947e-06,1.1447227e-05,1.0628426e-05,1.1030638e-05
308,1.575161e-05,1.451304e-05,1.3554748e-05,1.2596455e-05,1.2099006e-05,1.3049644e-05,9.462947e-06,1.1447227e-05,1.0628426e-05,1.1030638e-05,1.1484947e-05
309,1.451304e-05,1.3554748e-05,1.2596455e-05,1.2099006e-05,1.3049644e-05,9.462947e-06,1.1447227e-05,1.0628426e-05,1.1030638e-05,1.1484947e-05,1.103028e-05
310,1.3554748e-05,1.2596455e-05,1.2099006e-05,1.3049644e-05,9.462947e-06,1.1447227e-05,1.0628426e-05,1.1030638e-05,1.1484947e-05,1.103028e-05,9.526421e-06
311,1.2596455e-05,1.2099006e-05,1.3049644e-05,9.462947e-06,1.1447227e-05,1.0628426e-05,1.1030638e-05,1.1484947e-05,1.103028e-05,9.526421e-06,9.98515e-06
312,1.2099006e-05,1.3049644e-05,9.462947e-06,1.1447227e-05,1.0628426e-05,1.1030638e-05,1.1484947e-05,1.103028e-05,9.526421e-06,9.98515e-06,1.0661018e-05
313,1.3049644e-05,9.462947e-06,1.1447227e-05,1.0628426e-05,1.1030638e-05,1.1484947e-05,1.103028e-05,9.526421e-06,9.98515e-06,1.0661018e-05,1.1336885e-05
314,9.462947e-06,1.1447227e-05,1.0628426e-05,1.1030638e-05,1.1484947e-05,1.103028e-05,9.526421e-06,9.98515e-06,1.0661018e-05,1.1336885e-05,1.1067333e-05
315,1.1447227e-05,1.0628426e-05,1.1030638e-05,1.1484947e-05,1.103028e-05,9.526421e-06,9.98515e-06,1.0661018e-05,1.1336885e-05,1.1067333e-05,9.2047185e-06
316,1.0628426e-05,1.1030638e-05,1.1484947e-05,1.103028e-05,9.526421e-06,9.98515e-06,1.0661018e-05,1.1336885e-05,1.1067333e-05,9.2047185e-06,7.685691e-06
317,1.1030638e-05,1.1484947e-05,1.103028e-05,9.526421e-06,9.98515e-06,1.0661018e-05,1.1336885e-05,1.1067333e-05,9.2047185e-06,7.685691e-06,7.979916e-06
318,1.1484947e-05,1.103028e-05,9.526421e-06,9.98515e-06,1.0661018e-05,1.1336885e-05,1.1067333e-05,9.2047185e-06,7.685691e-06,7.979916e-06,1.3436433e-05
319,1.103028e-05,9.526421e-06,9.98515e-06,1.0661018e-05,1.1336885e-05,1.1067333e-05,9.2047185e-06,7.685691e-06,7.979916e-06,1.3436433e-05,1.2607178e-05
320,9.526421e-06,9.98515e-06,1.0661018e-05,1.1336885e-05,1.1067333e-05,9.2047185e-06,7.685691e-06,7.979916e-06,1.3436433e-05,1.2607178e-05,1.00301795e-05
321,9.98515e-06,1.0661018e-05,1.1336885e-05,1.1067333e-05,9.2047185e-06,7.685691e-06,7.979916e-06,1.3436433e-05,1.2607178e-05,1.00301795e-05,7.984896e-06
322,1.0661018e-05,1.1336885e-05,1.1067333e-05,9.2047185e-06,7.685691e-06,7.979916e-06,1.3436433e-05,1.2607178e-05,1.00301795e-05,7.984896e-06,1.3648628e-05
323,1.1336885e-05,1.1067333e-05,9.2047185e-06,7.685691e-06,7.979916e-06,1.3436433e-05,1.2607178e-05,1.00301795e-05,7.984896e-06,1.3648628e-05,1.5927828e-05
324,1.1067333e-05,9.2047185e-06,7.685691e-06,7.979916e-06,1.3436433e-05,1.2607178e-05,1.00301795e-05,7.984896e-06,1.3648628e-05,1.5927828e-05,1.4790873e-05
325,9.2047185e-06,7.685691e-06,7.979916e-06,1.3436433e-05,1.2607178e-05,1.00301795e-05,7.984896e-06,1.3648628e-05,1.5927828e-05,1.4790873e-05,1.0797506e-05
326,7.685691e-06,7.979916e-06,1.3436433e-05,1.2607178e-05,1.00301795e-05,7.984896e-06,1.3648628e-05,1.5927828e-05,1.4790873e-05,1.0797506e-05,7.5298462e-06
327,7.979916e-06,1.3436433e-05,1.2607178e-05,1.00301795e-05,7.984896e-06,1.3648628e-05,1.5927828e-05,1.4790873e-05,1.0797506e-05,7.5298462e-06,6.6889147e-06
328,1.3436433e-05,1.2607178e-05,1.00301795e-05,7.984896e-06,1.3648628e-05,1.5927828e-05,1.4790873e-05,1.0797506e-05,7.5298462e-06,6.6889147e-06,7.1697887e-06
329,1.2607178e-05,1.00301795e-05,7.984896e-06,1.3648628e-05,1.5927828e-05,1.4790873e-05,1.0797506e-05,7.5298462e-06,6.6889147e-06,7.1697887e-06,1.0217849e-05
330,1.00301795e-05,7.984896e-06,1.3648628e-05,1.5927828e-05,1.4790873e-05,1.0797506e-05,7.5298462e-06,6.6889147e-06,7.1697887e-06,1.0217849e-05,9.23387e-06
331,7.984896e-06,1.3648628e-05,1.5927828e-05,1.4790873e-05,1.0797506e-05,7.5298462e-06,6.6889147e-06,7.1697887e-06,1.0217849e-05,9.23387e-06,8.249891e-06
332,1.3648628e-05,1.5927828e-05,1.4790873e-05,1.0797506e-05,7.5298462e-06,6.6889147e-06,7.1697887e-06,1.0217849e-05,9.23387e-06,8.249891e-06,9.2385335e-06
333,1.5927828e-05,1.4790873e-05,1.0797506e-05,7.5298462e-06,6.6889147e-06,7.1697887e-06,1.0217849e-05,9.23387e-06,8.249891e-06,9.2385335e-06,1.0743469e-05
334,1.4790873e-05,1.0797506e-05,7.5298462e-06,6.6889147e-06,7.1697887e-06,1.0217849e-05,9.23387e-06,8.249891e-06,9.2385335e-06,1.0743469e-05,1.2248408e-05
335,1.0797506e-05,7.5298462e-06,6.6889147e-06,7.1697887e-06,1.0217849e-05,9.23387e-06,8.249891e-06,9.2385335e-06,1.0743469e-05,1.2248408e-05,1.28890915e-05
336,7.5298462e-06,6.6889147e-06,7.1697887e-06,1.0217849e-05,9.23387e-06,8.249891e-06,9.2385335e-06,1.0743469e-05,1.2248408e-05,1.28890915e-05,1.3317049e-05
337,6.6889147e-06,7.1697887e-06,1.0217849e-05,9.23387e-06,8.249891e-06,9.2385335e-06,1.0743469e-05,1.2248408e-05,1.28890915e-05,1.3317049e-05,1.489085e-05
338,7.1697887e-06,1.0217849e-05,9.23387e-06,8.249891e-06,9.2385335e-06,1.0743469e-05,1.2248408e-05,1.28890915e-05,1.3317049e-05,1.489085e-05,1.3755959e-05
339,1.0217849e-05,9.23387e-06,8.249891e-06,9.2385335e-06,1.0743469e-05,1.2248408e-05,1.28890915e-05,1.3317049e-05,1.489085e-05,1.3755959e-05,1.5433385e-05
340,9.23387e-06,8.249891e-06,9.2385335e-06,1.0743469e-05,1.2248408e-05,1.28890915e-05,1.3317049e-05,1.489085e-05,1.3755959e-05,1.5433385e-05,1.4652877e-05
341,8.249891e-06,9.2385335e-06,1.0743469e-05,1.2248408e-05,1.28890915e-05,1.3317049e-05,1.489085e-05,1.3755959e-05,1.5433385e-05,1.4652877e-05,1.3872368e-05
342,9.2385335e-06,1.0743469e-05,1.2248408e-05,1.28890915e-05,1.3317049e-05,1.489085e-05,1.3755959e-05,1.5433385e-05,1.4652877e-05,1.3872368e-05,1.2228039e-05
343,1.0743469e-05,1.2248408e-05,1.28890915e-05,1.3317049e-05,1.489085e-05,1.3755959e-05,1.5433385e-05,1.4652877e-05,1.3872368e-05,1.2228039e-05,1.1041857e-05
344,1.2248408e-05,1.28890915e-05,1.3317049e-05,1.489085e-05,1.3755959e-05,1.5433385e-05,1.4652877e-05,1.3872368e-05,1.2228039e-05,1.1041857e-05,1.0921891e-05
345,1.28890915e-05,1.3317049e-05,1.489085e-05,1.3755959e-05,1.5433385e-05,1.4652877e-05,1.3872368e-05,1.2228039e-05,1.1041857e-05,1.0921891e-05,1.4253906e-05
346,1.3317049e-05,1.489085e-05,1.3755959e-05,1.5433385e-05,1.4652877e-05,1.3872368e-05,1.2228039e-05,1.1041857e-05,1.0921891e-05,1.4253906e-05,1.0517057e-05
347,1.489085e-05,1.3755959e-05,1.5433385e-05,1.4652877e-05,1.3872368e-05,1.2228039e-05,1.1041857e-05,1.0921891e-05,1.4253906e-05,1.0517057e-05,1.3721316e-05
348,1.3755959e-05,1.5433385e-05,1.4652877e-05,1.3872368e-05,1.2228039e-05,1.1041857e-05,1.0921891e-05,1.4253906e-05,1.0517057e-05,1.3721316e-05,1.4639991e-05
349,1.5433385e-05,1.4652877e-05,1.3872368e-05,1.2228039e-05,1.1041857e-05,1.0921891e-05,1.4253906e-05,1.0517057e-05,1.3721316e-05,1.4639991e-05,1.1628578e-05
350,1.4652877e-05,1.3872368e-05,1.2228039e-05,1.1041857e-05,1.0921891e-05,1.4253906e-05,1.0517057e-05,1.3721316e-05,1.4639991e-05,1.1628578e-05,1.153944e-05
351,1.3872368e-05,1.2228039e-05,1.1041857e-05,1.0921891e-05,1.4253906e-05,1.0517057e-05,1.3721316e-05,1.4639991e-05,1.1628578e-05,1.153944e-05,1.1632776e-05
352,1.2228039e-05,1.1041857e-05,1.0921891e-05,1.4253906e-05,1.0517057e-05,1.3721316e-05,1.4639991e-05,1.1628578e-05,1.153944e-05,1.1632776e-05,1.1726109e-05
353,1.1041857e-05,1.0921891e-05,1.4253906e-05,1.0517057e-05,1.3721316e-05,1.4639991e-05,1.1628578e-05,1.153944e-05,1.1632776e-05,1.1726109e-05,1.1913637e-05
354,1.0921891e-05,1.4253906e-05,1.0517057e-05,1.3721316e-05,1.4639991e-05,1.1628578e-05,1.153944e-05,1.1632776e-05,1.1726109e-05,1.1913637e-05,1.2148592e-05
355,1.4253906e-05,1.0517057e-05,1.3721316e-05,1.4639991e-05,1.1628578e-05,1.153944e-05,1.1632776e-05,1.1726109e-05,1.1913637e-05,1.2148592e-05,1.4441032e-05
356,1.0517057e-05,1.3721316e-05,1.4639991e-05,1.1628578e-05,1.153944e-05,1.1632776e-05,1.1726109e-05,1.1913637e-05,1.2148592e-05,1.4441032e-05,1.8183664e-05
357,1.3721316e-05,1.4639991e-05,1.1628578e-05,1.153944e-05,1.1632776e-05,1.1726109e-05,1.1913637e-05,1.2148592e-05,1.4441032e-05,1.8183664e-05,2.1736983e-05
358,1.4639991e-05,1.1628578e-05,1.153944e-05,1.1632776e-05,1.1726109e-05,1.1913637e-05,1.2148592e-05,1.4441032e-05,1.8183664e-05,2.1736983e-05,1.9888683e-05
359,1.1628578e-05,1.153944e-05,1.1632776e-05,1.1726109e-05,1.1913637e-05,1.2148592e-05,1.4441032e-05,1.8183664e-05,2.1736983e-05,1.9888683e-05,1.8056568e-05
360,1.153944e-05,1.1632776e-05,1.1726109e-05,1.1913637e-05,1.2148592e-05,1.4441032e-05,1.8183664e-05,2.1736983e-05,1.9888683e-05,1.8056568e-05,1.6176857e-05
361,1.1632776e-05,1.1726109e-05,1.1913637e-05,1.2148592e-05,1.4441032e-05,1.8183664e-05,2.1736983e-05,1.9888683e-05,1.8056568e-05,1.6176857e-05,1.5367663e-05
362,1.1726109e-05,1.1913637e-05,1.2148592e-05,1.4441032e-05,1.8183664e-05,2.1736983e-05,1.9888683e-05,1.8056568e-05,1.6176857e-05,1.5367663e-05,1.7616496e-05
363,1.1913637e-05,1.2148592e-05,1.4441032e-05,1.8183664e-05,2.1736983e-05,1.9888683e-05,1.8056568e-05,1.6176857e-05,1.5367663e-05,1.7616496e-05,1.6105898e-05
364,1.2148592e-05,1.4441032e-05,1.8183664e-05,2.1736983e-05,1.9888683e-05,1.8056568e-05,1.6176857e-05,1.5367663e-05,1.7616496e-05,1.6105898e-05,1.7624041e-05
